Frame,X,Y,W,H,Class,Age,Gender
1,818,213,69,181,person,(38-43),Male
1,714,216,65,176,person,(38-43),Male
1,675,209,45,145,person,(25-32),Male
1,597,209,49,154,person,(60-100),Female
2,819,213,68,182,person,(38-43),Male
2,714,216,65,175,person,(38-43),Male
2,676,209,46,145,person,(25-32),Male
2,597,209,49,154,person,(60-100),Female
3,819,213,68,182,person,(38-43),Male
3,715,216,66,176,person,(38-43),Male
3,675,209,45,146,person,(38-43),Male
3,597,209,49,154,person,(60-100),Female
4,819,212,68,183,person,(38-43),Male
4,717,217,68,179,person,(38-43),Male
4,676,209,46,144,person,(38-43),Male
4,597,209,49,154,person,(60-100),Female
5,819,213,68,182,person,(38-43),Male
5,723,216,65,177,person,(38-43),Male
5,677,210,46,147,person,(25-32),Male
5,598,209,48,154,person,(60-100),Female
6,819,212,68,183,person,(38-43),Male
6,676,210,48,146,person,(38-43),Male
6,727,217,65,175,person,(38-43),Male
6,598,209,48,154,person,(60-100),Female
7,818,211,69,186,person,(38-43),Male
7,675,210,48,146,person,(38-43),Male
7,732,217,82,175,person,(25-32),Male
7,598,209,48,154,person,(60-100),Female
8,818,211,69,186,person,(38-43),Male
8,675,210,48,146,person,(38-43),Male
8,732,217,83,175,person,(25-32),Male
8,598,209,47,154,person,(60-100),Female
9,818,211,69,186,person,(38-43),Male
9,675,210,48,146,person,(38-43),Male
9,733,217,82,175,person,(25-32),Male
9,598,209,47,154,person,(60-100),Female
10,818,211,69,186,person,(38-43),Male
10,675,210,48,146,person,(38-43),Male
10,733,218,83,174,person,(25-32),Male
10,598,209,48,154,person,(60-100),Female
11,733,217,84,175,person,(25-32),Male
11,818,211,69,186,person,(38-43),Male
11,675,210,47,146,person,(38-43),Male
11,598,209,48,154,person,(60-100),Female
12,819,213,69,182,person,(38-43),Male
12,733,217,83,176,person,(25-32),Male
12,675,210,47,146,person,(38-43),Male
12,598,209,48,154,person,(60-100),Female
13,819,213,69,181,person,(38-43),Male
13,733,217,83,176,person,(25-32),Male
13,675,210,47,146,person,(38-43),Male
13,598,209,48,154,person,(60-100),Female
14,819,214,69,180,person,(38-43),Male
14,733,217,83,176,person,(25-32),Male
14,675,209,47,147,person,(38-43),Male
14,596,209,50,154,person,(60-100),Female
15,675,209,47,147,person,(38-43),Male
15,819,213,69,181,person,(38-43),Male
15,734,217,82,176,person,(25-32),Male
15,596,208,51,155,person,(60-100),Female
16,675,210,47,146,person,(38-43),Male
16,819,211,70,186,person,(38-43),Male
16,732,217,83,176,person,(25-32),Male
16,599,207,43,155,person,(60-100),Female
17,675,210,47,146,person,(38-43),Male
17,732,217,83,176,person,(25-32),Male
17,820,212,71,183,person,(60-100),Male
17,593,208,47,154,person,(60-100),Female
18,675,210,47,146,person,(38-43),Male
18,733,217,84,176,person,(38-43),Male
18,820,215,71,177,person,(60-100),Female
18,593,207,48,154,person,(60-100),Female
19,675,210,47,146,person,(38-43),Male
19,732,217,83,175,person,(25-32),Male
19,818,217,69,174,person,(38-43),Male
19,589,208,54,152,person,(60-100),Female
19,854,216,36,145,person,(38-43),Male
20,675,210,47,146,person,(38-43),Male
20,732,217,83,175,person,(25-32),Male
20,818,217,69,174,person,(38-43),Male
20,589,208,54,152,person,(60-100),Female
20,854,216,36,145,person,(38-43),Male
21,732,217,82,175,person,(25-32),Male
21,675,210,47,146,person,(38-43),Male
21,818,216,68,176,person,(38-43),Female
21,587,207,58,154,person,(60-100),Female
21,850,203,52,173,person,(60-100),Male
22,676,209,47,147,person,(38-43),Male
22,735,217,89,175,person,(25-32),Male
22,586,207,60,154,person,(60-100),Female
22,820,214,71,179,person,(38-43),Male
23,676,209,47,146,person,(38-43),Male
23,732,217,82,176,person,(25-32),Male
23,586,207,60,154,person,(60-100),Female
23,820,215,71,178,person,(38-43),Male
24,677,209,46,146,person,(38-43),Male
24,735,217,86,175,person,(25-32),Male
24,586,208,59,152,person,(60-100),Female
24,820,215,71,178,person,(60-100),Male
25,677,210,46,146,person,(38-43),Male
25,724,216,68,177,person,(38-43),Male
25,821,214,72,179,person,(60-100),Male
25,587,208,58,151,person,(60-100),Female
26,586,208,60,153,person,(60-100),Female
26,821,214,71,179,person,(60-100),Male
26,707,215,63,174,person,(38-43),Male
26,671,209,38,141,person,(38-43),Male
27,585,208,59,153,person,(60-100),Female
27,821,214,71,179,person,(60-100),Male
27,671,209,38,141,person,(60-100),Male
27,708,215,62,175,person,(38-43),Male
28,820,215,71,178,person,(38-43),Male
28,586,206,60,155,person,(60-100),Female
28,704,215,71,177,person,(38-43),Male
28,668,209,36,140,person,(8-12),Male
29,697,218,81,181,person,(25-32),Male
29,585,206,59,155,person,(60-100),Female
29,821,216,72,178,person,(38-43),Male
29,664,208,34,141,person,(38-43),Male
30,688,219,74,180,person,(38-43),Male
30,586,207,59,153,person,(60-100),Female
30,811,216,51,175,person,(38-43),Male
30,841,204,47,177,person,(38-43),Female
31,688,219,75,181,person,(38-43),Male
31,586,207,59,153,person,(60-100),Female
31,811,216,53,175,person,(38-43),Male
31,841,204,47,177,person,(60-100),Female
32,691,219,78,181,person,(38-43),Male
32,805,216,57,176,person,(38-43),Male
32,586,207,59,153,person,(60-100),Female
32,841,206,48,176,person,(38-43),Female
33,693,218,78,181,person,(38-43),Male
33,809,216,66,178,person,(38-43),Male
33,587,208,58,152,person,(60-100),Female
33,841,204,47,176,person,(8-12),Male
34,700,217,81,181,person,(38-43),Male
34,814,216,68,176,person,(38-43),Male
34,587,208,59,153,person,(60-100),Female
34,843,205,47,178,person,(38-43),Male
34,851,211,29,163,person,(8-12),Male
35,701,217,80,180,person,(38-43),Male
35,815,216,70,179,person,(38-43),Male
35,587,208,59,153,person,(60-100),Female
35,844,206,46,178,person,(60-100),Male
36,826,213,76,187,person,(38-43),Male
36,587,208,59,153,person,(60-100),Female
36,710,217,80,180,person,(38-43),Male
36,677,207,37,144,person,(60-100),Male
37,588,208,57,154,person,(60-100),Female
37,821,214,71,181,person,(38-43),Male
37,706,217,81,177,person,(25-32),Male
37,678,206,36,141,person,(60-100),Male
37,721,217,54,178,person,(25-32),Male
37,721,165,53,77,person,(60-100),Female
38,822,214,70,181,person,(38-43),Male
38,588,208,56,153,person,(60-100),Female
38,707,217,80,177,person,(38-43),Male
38,678,207,36,142,person,(60-100),Male
38,720,217,55,179,person,(25-32),Male
38,721,166,54,76,person,(60-100),Female
39,821,214,71,181,person,(38-43),Male
39,587,208,57,152,person,(60-100),Female
39,707,217,81,178,person,(38-43),Male
39,678,207,36,142,person,(60-100),Male
39,720,217,55,178,person,(25-32),Male
39,721,166,54,78,person,(60-100),Female
40,821,213,70,183,person,(38-43),Male
40,587,208,57,153,person,(60-100),Female
40,706,216,82,179,person,(38-43),Male
40,719,218,56,180,person,(25-32),Male
40,677,206,36,140,person,(60-100),Male
41,826,214,71,186,person,(38-43),Male
41,703,216,86,179,person,(25-32),Male
41,587,208,57,151,person,(60-100),Female
41,677,207,37,145,person,(60-100),Male
42,695,218,92,178,person,(38-43),Male
42,826,211,74,189,person,(38-43),Male
42,589,209,53,150,person,(60-100),Female
43,694,217,92,178,person,(38-43),Male
43,823,213,71,184,person,(38-43),Male
43,590,208,52,151,person,(60-100),Female
44,825,212,75,185,person,(38-43),Male
44,691,219,71,180,person,(38-43),Male
44,591,208,50,151,person,(60-100),Female
44,741,178,11,19,person,(25-32),Male
45,704,219,64,182,person,(38-43),Male
45,823,216,76,181,person,(38-43),Male
45,590,209,52,152,person,(60-100),Female
45,677,208,37,143,person,(60-100),Male
46,708,219,69,184,person,(25-32),Male
46,822,216,69,181,person,(38-43),Male
46,586,208,59,151,person,(60-100),Female
46,678,208,37,142,person,(60-100),Male
47,822,214,70,185,person,(38-43),Male
47,711,218,67,183,person,(25-32),Male
47,588,208,58,151,person,(60-100),Female
47,678,208,38,143,person,(38-43),Male
48,827,213,74,181,person,(60-100),Male
48,713,220,68,182,person,(25-32),Male
48,588,208,58,153,person,(60-100),Female
48,678,208,39,142,person,(38-43),Male
49,833,212,60,186,person,(60-100),Male
49,719,217,84,179,person,(38-43),Male
49,590,208,52,152,person,(60-100),Female
49,679,208,39,142,person,(60-100),Male
50,830,215,62,182,person,(38-43),Male
50,719,217,85,182,person,(38-43),Male
50,590,207,51,153,person,(60-100),Female
50,678,208,38,142,person,(8-12),Male
51,591,208,51,153,person,(38-43),Male
51,714,222,93,167,person,(25-32),Male
51,828,217,54,178,person,(38-43),Male
51,677,208,39,143,person,(60-100),Male
52,721,225,82,165,person,(38-43),Male
52,587,208,59,153,person,(60-100),Female
52,679,208,38,146,person,(25-32),Male
52,830,217,52,177,person,(38-43),Male
52,845,200,45,165,person,(38-43),Male
52,844,177,43,120,person,(38-43),Male
53,720,225,83,165,person,(38-43),Male
53,587,207,60,153,person,(60-100),Female
53,830,217,54,177,person,(38-43),Male
53,680,208,40,147,person,(48-53),Male
53,846,180,44,124,person,(60-100),Male
54,721,225,81,166,person,(25-32),Male
54,821,218,67,180,person,(60-100),Male
54,586,207,59,153,person,(60-100),Female
54,679,208,40,145,person,(48-53),Male
54,801,217,112,173,person,(0-2),Male
54,846,179,45,122,person,(60-100),Male
55,721,225,81,166,person,(25-32),Male
55,821,218,66,180,person,(60-100),Male
55,586,208,59,152,person,(60-100),Female
55,678,208,39,145,person,(48-53),Male
55,846,184,44,132,person,(60-100),Male
55,800,218,114,172,person,(0-2),Male
56,721,225,82,166,person,(25-32),Male
56,821,218,67,180,person,(60-100),Male
56,586,207,59,153,person,(60-100),Female
56,678,208,39,145,person,(48-53),Male
56,846,184,44,132,person,(60-100),Male
56,846,165,41,97,person,(60-100),Male
57,720,225,83,166,person,(25-32),Male
57,822,218,64,180,person,(60-100),Male
57,587,207,59,153,person,(60-100),Female
57,678,208,39,145,person,(48-53),Male
57,847,196,44,157,person,(60-100),Male
57,799,218,115,172,person,(0-2),Male
58,720,224,84,168,person,(38-43),Male
58,587,207,56,154,person,(60-100),Male
58,826,218,49,178,person,(48-53),Male
58,679,208,39,145,person,(8-12),Male
58,846,204,42,175,person,(38-43),Male
58,846,171,43,108,person,(15-20),Female
59,595,207,49,154,person,(60-100),Female
59,822,216,58,179,person,(38-43),Male
59,716,222,91,171,person,(38-43),Male
59,681,208,37,145,person,(60-100),Male
59,850,200,40,163,person,(38-43),Male
60,595,207,50,154,person,(60-100),Female
60,824,217,53,180,person,(38-43),Male
60,717,222,89,171,person,(25-32),Male
60,681,207,37,145,person,(60-100),Male
60,849,200,39,165,person,(38-43),Male
61,594,207,50,152,person,(38-43),Female
61,715,222,93,172,person,(38-43),Male
61,826,217,49,179,person,(38-43),Male
61,681,208,36,146,person,(48-53),Male
61,42,204,25,35,person,(25-32),Female
61,849,202,38,168,person,(38-43),Male
61,853,223,30,140,person,(38-43),Male
62,595,208,48,151,person,(38-43),Female
62,715,222,92,170,person,(25-32),Male
62,826,217,49,179,person,(38-43),Male
62,681,208,36,146,person,(48-53),Male
62,32,202,26,31,person,(25-32),Female
62,849,202,38,169,person,(38-43),Male
62,853,223,30,138,person,(0-2),Male
63,595,207,52,152,person,(38-43),Female
63,715,222,91,170,person,(38-43),Male
63,825,217,49,178,person,(38-43),Male
63,681,208,36,145,person,(60-100),Male
63,849,203,39,170,person,(8-12),Male
63,17,205,34,38,person,(25-32),Female
64,597,206,47,151,person,(38-43),Female
64,717,222,91,170,person,(38-43),Male
64,826,217,50,178,person,(38-43),Male
64,681,207,36,145,person,(60-100),Male
64,11,207,22,38,person,(25-32),Female
64,849,202,39,167,person,(38-43),Male
64,849,168,37,101,person,(60-100),Female
65,598,206,48,150,person,(38-43),Female
65,718,222,92,170,person,(25-32),Male
65,826,217,49,180,person,(38-43),Male
65,681,208,36,144,person,(60-100),Male
65,6,206,12,37,person,(48-53),Male
65,850,202,40,168,person,(38-43),Male
65,850,167,38,98,person,(8-12),Female
66,598,207,49,150,person,(60-100),Female
66,717,222,92,170,person,(38-43),Male
66,825,217,49,179,person,(38-43),Male
66,681,208,36,144,person,(60-100),Male
66,850,202,40,168,person,(8-12),Male
66,849,166,37,97,person,(15-20),Female
67,599,206,45,151,person,(38-43),Female
67,717,222,92,169,person,(38-43),Male
67,826,217,48,180,person,(38-43),Male
67,679,208,37,142,person,(60-100),Male
67,849,202,39,168,person,(38-43),Male
67,853,218,30,139,person,(25-32),Male
68,720,222,86,171,person,(38-43),Male
68,600,206,45,150,person,(60-100),Female
68,826,217,48,180,person,(38-43),Male
68,680,208,38,143,person,(38-43),Male
68,849,201,39,166,person,(38-43),Male
68,853,219,30,150,person,(38-43),Male
69,724,224,64,174,person,(25-32),Male
69,823,217,60,179,person,(60-100),Male
69,682,207,42,143,person,(60-100),Male
69,616,212,60,133,person,(25-32),Female
69,849,201,39,165,person,(38-43),Male
69,616,167,60,228,person,(60-100),Male
70,724,224,63,174,person,(25-32),Male
70,823,217,60,179,person,(60-100),Male
70,682,207,42,143,person,(60-100),Male
70,617,208,58,143,person,(38-43),Female
70,849,199,39,161,person,(60-100),Male
70,617,169,59,224,person,(25-32),Male
70,850,166,36,97,person,(0-2),Female
71,725,224,62,174,person,(25-32),Male
71,824,217,57,179,person,(38-43),Male
71,682,208,43,144,person,(60-100),Male
71,620,212,56,135,person,(38-43),Male
71,849,177,38,119,person,(48-53),Male
71,849,201,37,163,person,(60-100),Male
72,825,217,56,179,person,(38-43),Male
72,726,224,62,174,person,(25-32),Male
72,684,208,47,144,person,(38-43),Male
72,621,207,59,145,person,(38-43),Female
72,849,201,39,165,person,(38-43),Male
72,848,177,37,121,person,(60-100),Male
73,684,208,47,144,person,(38-43),Male
73,826,217,54,179,person,(48-53),Male
73,726,223,60,173,person,(25-32),Male
73,624,209,59,150,person,(38-43),Female
73,850,203,38,170,person,(38-43),Male
74,684,208,47,145,person,(38-43),Male
74,827,217,52,179,person,(48-53),Male
74,728,223,60,175,person,(25-32),Male
74,626,204,53,149,person,(60-100),Female
74,849,203,39,171,person,(38-43),Male
75,738,223,54,181,person,(60-100),Male
75,690,208,49,144,person,(25-32),Male
75,646,206,49,144,person,(60-100),Female
75,827,217,50,179,person,(38-43),Male
75,849,203,38,173,person,(38-43),Male
75,849,169,37,102,person,(0-2),Female
76,738,223,54,178,person,(25-32),Male
76,691,208,51,144,person,(25-32),Male
76,647,205,51,143,person,(60-100),Female
76,827,217,51,179,person,(38-43),Male
76,849,207,39,176,person,(60-100),Male
77,739,223,55,178,person,(38-43),Male
77,692,207,52,145,person,(25-32),Male
77,649,205,47,143,person,(25-32),Female
77,827,217,51,179,person,(48-53),Male
77,849,206,39,177,person,(60-100),Male
78,761,220,74,185,person,(38-43),Male
78,824,217,56,182,person,(60-100),Male
78,692,207,54,145,person,(38-43),Male
78,848,200,35,165,person,(60-100),Male
78,848,167,33,99,person,(8-12),Female
78,664,208,29,133,person,(0-2),Female
79,760,220,73,187,person,(38-43),Male
79,824,217,56,182,person,(60-100),Male
79,688,208,60,145,person,(38-43),Male
79,848,200,35,165,person,(60-100),Male
79,848,168,33,101,person,(8-12),Male
80,687,209,56,146,person,(38-43),Male
80,830,217,42,180,person,(38-43),Male
80,789,227,54,198,person,(25-32),Male
80,717,202,30,134,person,(38-43),Female
80,850,202,39,167,person,(38-43),Male
81,813,226,81,194,person,(38-43),Male
81,685,208,53,145,person,(38-43),Male
81,834,211,43,172,person,(38-43),Male
81,733,205,54,133,person,(25-32),Male
82,825,229,81,220,person,(38-43),Male
82,686,208,55,145,person,(38-43),Male
82,770,207,38,145,person,(25-32),Female
83,860,280,106,219,person,(25-32),Male
83,687,208,54,146,person,(38-43),Male
83,817,208,66,173,person,(25-32),Male
83,796,199,47,157,person,(25-32),Male
84,879,297,93,249,person,(25-32),Male
84,687,209,54,146,person,(38-43),Male
84,800,215,65,178,person,(38-43),Male
84,827,193,46,146,person,(15-20),Male
84,771,207,38,145,person,(60-100),Female
84,834,204,31,142,person,(4-6),Female
84,830,211,38,166,person,(38-43),Male
84,770,173,37,75,person,(60-100),Female
85,880,297,89,249,person,(25-32),Male
85,687,209,54,146,person,(38-43),Male
85,801,215,70,178,person,(38-43),Male
85,825,201,47,165,person,(38-43),Male
85,767,172,36,74,person,(38-43),Female
85,769,210,38,150,person,(60-100),Male
86,881,296,87,249,person,(25-32),Male
86,687,208,54,145,person,(38-43),Male
86,799,215,71,178,person,(38-43),Male
86,825,205,49,170,person,(38-43),Male
86,763,172,30,73,person,(0-2),Female
86,765,208,34,149,person,(60-100),Female
87,883,298,86,253,person,(25-32),Male
87,687,208,54,145,person,(38-43),Male
87,797,215,75,177,person,(38-43),Male
87,825,208,50,177,person,(48-53),Male
87,764,172,33,73,person,(60-100),Female
87,767,209,38,148,person,(60-100),Male
88,687,208,54,145,person,(38-43),Male
88,903,312,104,267,person,(25-32),Male
88,824,207,51,179,person,(38-43),Male
88,781,217,61,176,person,(38-43),Male
89,943,325,102,287,person,(25-32),Male
89,687,208,54,146,person,(25-32),Male
89,824,206,49,175,person,(38-43),Female
89,772,217,62,176,person,(38-43),Male
90,956,331,102,294,person,(48-53),Male
90,769,216,67,177,person,(38-43),Male
90,688,208,54,146,person,(38-43),Male
90,824,206,50,175,person,(38-43),Female
91,961,333,105,297,person,(25-32),Male
91,687,208,55,146,person,(38-43),Male
91,768,217,67,176,person,(38-43),Male
91,824,206,50,175,person,(38-43),Female
92,964,338,109,305,person,(25-32),Male
92,687,208,55,146,person,(38-43),Male
92,767,217,72,176,person,(38-43),Male
92,824,206,50,175,person,(38-43),Female
93,692,208,61,143,person,(25-32),Male
93,747,217,58,178,person,(60-100),Male
93,824,207,52,176,person,(60-100),Male
93,998,410,42,170,person,(25-32),Male
93,998,436,42,116,person,(25-32),Female
94,742,215,66,177,person,(60-100),Male
94,824,207,52,176,person,(60-100),Female
94,695,208,58,145,person,(25-32),Male
94,1000,453,37,80,person,(25-32),Female
95,719,215,67,178,person,(38-43),Male
95,824,207,53,175,person,(38-43),Male
96,679,214,78,167,person,(38-43),Male
96,736,210,58,149,person,(25-32),Male
96,836,205,48,179,person,(60-100),Male
97,667,214,77,165,person,(38-43),Male
97,735,211,59,150,person,(25-32),Male
97,838,206,45,180,person,(38-43),Male
97,690,206,36,150,person,(38-43),Male
98,665,214,73,164,person,(38-43),Male
98,735,211,59,149,person,(25-32),Male
98,835,206,56,175,person,(60-100),Male
98,690,199,33,135,person,(60-100),Male
99,661,213,64,165,person,(38-43),Male
99,735,211,60,150,person,(25-32),Male
99,836,206,59,174,person,(60-100),Male
99,690,200,34,137,person,(38-43),Female
100,733,211,63,148,person,(25-32),Male
100,684,203,51,142,person,(60-100),Male
100,838,206,59,176,person,(60-100),Male
100,643,212,41,163,person,(38-43),Male
101,734,210,64,147,person,(25-32),Male
101,607,212,74,164,person,(38-43),Male
101,686,202,48,141,person,(60-100),Male
101,840,205,52,177,person,(60-100),Female
102,734,211,64,149,person,(25-32),Male
102,594,210,52,163,person,(38-43),Male
102,842,205,52,177,person,(60-100),Female
102,693,202,58,141,person,(38-43),Female
103,551,209,85,162,person,(60-100),Male
103,732,211,65,149,person,(38-43),Male
103,838,205,57,177,person,(60-100),Male
103,686,202,47,141,person,(38-43),Male
104,550,209,88,160,person,(38-43),Male
104,733,210,64,147,person,(25-32),Male
104,839,205,58,177,person,(60-100),Male
104,687,202,46,141,person,(38-43),Male
105,554,209,79,161,person,(15-20),Male
105,841,206,60,175,person,(60-100),Male
105,729,211,74,150,person,(60-100),Male
105,688,202,62,141,person,(15-20),Male
106,579,208,69,162,person,(38-43),Male
106,852,204,44,179,person,(38-43),Male
106,707,210,44,152,person,(38-43),Male
106,673,203,47,140,person,(38-43),Male
107,578,208,68,166,person,(15-20),Male
107,709,209,47,153,person,(38-43),Male
107,855,205,52,178,person,(38-43),Male
107,680,202,47,140,person,(38-43),Male
108,566,211,71,164,person,(15-20),Male
108,711,209,50,153,person,(38-43),Male
108,856,204,57,179,person,(60-100),Male
108,679,203,51,144,person,(38-43),Male
109,567,212,69,162,person,(15-20),Male
109,858,205,56,179,person,(60-100),Female
109,711,210,45,151,person,(38-43),Male
109,678,203,46,143,person,(38-43),Male
110,570,207,61,170,person,(38-43),Male
110,670,204,51,139,person,(38-43),Male
110,711,210,41,151,person,(25-32),Male
110,856,205,57,180,person,(60-100),Male
111,566,210,71,164,person,(38-43),Male
111,671,204,50,141,person,(38-43),Female
111,711,210,43,151,person,(25-32),Male
111,857,205,55,180,person,(60-100),Female
